[
    {
      "model": "shop.product",
      "pk": 1,
      "fields": {
        "category_id":1,
        "name": "Mens Denim Jacket",
        "description": "This versatile outerwear option looks excellent with countless casual and smart casual outfits.",
        "stock": 3,
        "price": 80.00
        }
    },
    {
        "model": "shop.product",
        "pk": 2,
        "fields": {
          "category_id":2,
          "name": "Bomber Jacket",
          "description": "Short, durable jacket with a zippered front and fitted waist and cuffs.",
          "stock": 4,
          "price": 49.00
          }
      },
      {
        "model": "shop.product",
        "pk": 3,
        "fields": {
          "category_id":3,
          "name": "Leather Jacket",
          "description": "stylish close-fitting, leather jacket with zips and studs.",
          "stock": 100,
          "price": 182.00
          }
      },
      {
        "model": "shop.product",
        "pk": 4,
        "fields": {
          "category_id":4,
          "name": "Woolen Jacket",
          "description": "Timeless style. You’ll always be covered for those winter commutes to work, dinners, drinks and more.",
          "stock": 50,
          "price": 165.00
          }
      },
      {
        "model": "shop.product",
        "pk": 5,
        "fields": {
          "category_id":5,
          "name": "Winter Parka",
          "description": "Hip-length jacket designed for cold weather. Stuffed with down and features a fur-lined hood.",
          "stock": 9,
          "price": 89.00
          }
      },
      {
        "model": "shop.product",
        "pk": 6,
        "fields": {
          "category_id":6,
          "name": "Goretex Hiking Jacket",
          "description": "Goretext membrane will withstand all the elements, keeping you dry and warm to enjoy your day on the hills.",
          "stock": 1,
          "price": 150.00
          }
      },
      {
        "model": "shop.product",
        "pk": 7,
        "fields": {
          "category_id":1,
          "name": "Womens Denim Jacket",
          "description": "Oversized denim jacket with a shirt collar and long sleeves with buttoned cuffs. Featuring two chest flap pockets, two waist pockets, distressed trims and metal button fastening in the front.",
          "stock": 2,
          "price": 80.00
          }
      },
      {
        "model": "shop.product",
        "pk": 8,
        "fields": {
          "category_id":5,
          "name": "Puffy jacket with hood",
          "description": "Puffer jacket featuring a non-detachable hood with a faux fur trim, two front pockets, a zip-up front and elastic cuffs.'",
          "stock": 2,
          "price": 75.00
          }
      },
      {
        "model": "shop.product",
        "pk": 9,
        "fields": {
          "category_id":3,
          "name": "Womens Leather Jacket",
          "description": "Cropped leather biker jacket with a lapel collar. Featuring front zip pockets, a matching fabric belt with a metal buckle at the hem and asymmetric front zip fastening.'",
          "stock": 1,
          "price": 150.00
          }
      },
      {
        "model": "shop.product",
        "pk": 10,
        "fields": {
          "category_id":6,
          "name": "Urban jacket",
          "description": " Weathertite technology which gives this jacket a waterproof, windproof and breathable membrane, which is combined with a mesh lining for extra ventilation. This Jacket also features a fold away hood to help keep you dry, as well as, hook and loop tape adjustable sleeve cuffs for a secure fit.",
          "stock": 2,
          "price": 15.00
          }
      }
]