[
    {
        "model": "shop.category",
        "pk": 1,
        "fields": {
            "name": "Denim Jacket",
            "stock":2
        }
    },
    {
        "model": "shop.category",
        "pk": 2,
        "fields": {
            "name": "Bomber Jackets",
            "stock":1
        }
    },
    {
        "model": "shop.category",
        "pk": 3,
        "fields": {
            "name": "Leather Jackets",
            "stock":2
        }
    },
    {
        "model": "shop.category",
        "pk": 4,
        "fields": {
            "name": "Woolen",
            "stock":1
        }
    },
    {
        "model": "shop.category",
        "pk": 5,
        "fields": {
            "name": "Winter Jackets",
            "stock":2
        }
    },
    {
        "model": "shop.category",
        "pk": 6,
        "fields": {
            "name": "Rain Jackets",
            "stock":2
        }
    }
]